Name,RA,Dec,SNR,Validation,COSMO,COMMENT,PCCS,Optical run1,Optical run2,IR run1,ROSAT,RASS rate,RASS S/N,Swift,Comments
PSZ1_G001.00+25.71,244.5841128,-13.07007448,6.042,3,FALSE,FALSE,FALSE,,,,,-0.0026,-0.76,,
PSZ1_G003.09-22.51,292.1644024,-35.71106425,4.925,3,FALSE,FALSE,FALSE,,,,,-0.0057,-0.97,,
PSZ1_G003.60-24.45,294.6128848,-35.83924287,5.761,3,FALSE,FALSE,FALSE,,,,,0.0035,0.46,,
PSZ1_G011.35-72.94,354.0719365,-32.13486396,5.180,2,FALSE,FALSE,FALSE,1-Nov-14,,,,0.0059,0.52,,
PSZ1_G011.50-40.11,314.9334839,-32.84853548,4.724,2,FALSE,FALSE,FALSE,,,,,-0.0042,-1.31,,
PSZ1_G012.48+27.36,249.3729322,-3.818621687,4.541,3,FALSE,TRUE,FALSE,,,,,-0.0051,-1.75,,
PSZ1_G012.66+25.79,250.7750842,-4.541822426,4.501,2,FALSE,FALSE,FALSE,,,,,0.0004,0.07,,
PSZ1_G014.76-62.53,341.6750499,-32.17862452,4.580,2,FALSE,FALSE,FALSE,,,,,-0.0020,-0.38,,
PSZ1_G015.42+58.42,223.8901096,14.37707492,4.653,2,FALSE,TRUE,FALSE,,,,,-0.0002,-0.03,,
PSZ1_G017.05-22.67,297.2689224,-23.60634362,4.887,3,FALSE,FALSE,FALSE,,,,,-0.0003,-0.05,,
PSZ1_G017.35-23.56,298.2799072,-23.66602184,4.806,2,FALSE,TRUE,FALSE,,,,,0.0009,0.12,,
PSZ1_G018.09+26.07,253.1217576,-0.2470579183,4.758,2,FALSE,FALSE,FALSE,,,,,-0.0038,-0.58,,
PSZ1_G021.88+17.75,262.0860949,-1.344346152,5.637,3,FALSE,FALSE,FALSE,,,,,0.0191,2.00,Proposed Sept 2014,
PSZ1_G023.38-33.46,310.3287054,-21.99656878,4.559,2,FALSE,FALSE,FALSE,,,,,0.0044,0.46,,
PSZ1_G023.53-36.53,313.5285418,-22.84110001,4.625,1,FALSE,FALSE,FALSE,,,,,0.0381,3.66,Proposed Sept 2014,
PSZ1_G027.02-52.33,330.8930868,-24.63955027,5.203,3,FALSE,FALSE,FALSE,,,,,-0.0033,-0.82,,
PSZ1_G027.31+23.79,259.150185,5.989677814,5.100,3,FALSE,TRUE,FALSE,,,,,-0.0053,-0.82,,
PSZ1_G027.75+15.41,266.8086505,2.508793411,4.669,3,FALSE,FALSE,FALSE,,,,,0.0005,0.06,,
PSZ1_G027.95+15.63,266.7042704,2.776686311,4.768,3,FALSE,FALSE,FALSE,,,,,0.0257,2.31,Proposed Sept 2014,
PSZ1_G028.01+25.46,257.9408327,7.309283648,5.984,2,FALSE,FALSE,FALSE,,,,,-0.0042,-0.70,,
PSZ1_G028.15-08.63,288.4256617,-8.147684528,5.072,2,FALSE,TRUE,FALSE,,,,,0.0119,1.39,Proposed Sept 2014,
PSZ1_G029.79-17.37,297.1089949,-10.52510922,6.591,2,FALSE,TRUE,FALSE,,,,,0.0007,0.08,Not in FoV (00031982001),
PSZ1_G030.21-16.91,296.8617466,-9.967550668,5.338,3,FALSE,TRUE,FALSE,,,,,-0.0032,-0.46,,
PSZ1_G030.70+09.47,273.4172775,2.349914372,4.660,2,FALSE,TRUE,FALSE,,,,,0.0354,2.83,Proposed Sept 2014,
PSZ1_G030.98+22.43,261.893535,8.395480529,4.979,1,FALSE,FALSE,FALSE,,,,,0.0059,0.73,,
PSZ1_G031.29-64.81,344.8522364,-25.05076688,4.961,2,FALSE,TRUE,FALSE,1-Nov-14,,,,-0.0020,-0.24,,
PSZ1_G031.41+28.75,256.263153,11.46044807,4.843,2,FALSE,TRUE,FALSE,,,,,0.0013,0.19,No obvious X-rays (huge exposure) ,
PSZ1_G031.44-19.16,299.4294337,-9.869757797,4.602,3,FALSE,FALSE,FALSE,,,,,-0.0086,-2.25,No extended X-rays,
PSZ1_G031.91+67.94,217.2571187,24.62593996,5.228,2,FALSE,TRUE,FALSE,20-Feb-14,,,,-0.0074,-2.72,,Cluster unlikely
PSZ1_G032.15-14.93,295.878438,-7.424090476,8.214,3,FALSE,TRUE,FALSE,,,,,-0.0076,-2.13,,
PSZ1_G032.76+42.33,243.7741583,17.7735341,4.678,2,FALSE,TRUE,FALSE,,,,,0.0033,0.63,,
PSZ1_G033.33-17.54,298.7426231,-7.55200087,5.784,2,FALSE,FALSE,FALSE,,,,,0.0047,0.67,,
PSZ1_G036.02+12.21,273.3036914,8.246366027,4.704,3,FALSE,FALSE,FALSE,,,,,0.0013,0.21,,
PSZ1_G036.09-17.40,299.8006214,-5.135560986,5.349,2,FALSE,FALSE,FALSE,,,,,0.0054,0.68,,
PSZ1_G037.22-16.24,299.2598998,-3.651490133,5.015,2,FALSE,FALSE,FALSE,,,,,-0.0047,-0.92,,
PSZ1_G038.25-58.36,339.0528763,-20.17801295,4.539,2,FALSE,FALSE,FALSE,,,,,-0.0072,-1.72,,
PSZ1_G040.17-41.51,323.2954373,-12.60448428,4.568,3,FALSE,FALSE,FALSE,,,,,-0.0018,-0.33,,
PSZ1_G040.33-16.55,300.9136176,-1.144093085,4.614,3,FALSE,FALSE,FALSE,,,,,0.0029,0.34,,
PSZ1_G041.70+21.65,266.8405981,17.12400468,4.512,1,FALSE,FALSE,FALSE,,,,,0.0000,0.01,,
PSZ1_G042.33+17.46,271.0883399,15.99674347,5.072,1,FALSE,TRUE,FALSE,,,,,0.0227,1.96,NP,Confirmed by RTT150 z=0.5
PSZ1_G042.96+19.11,269.7691829,17.21097565,4.703,3,FALSE,TRUE,FALSE,,,,,0.0047,0.66,,
PSZ1_G044.82-31.66,316.1603243,-4.774060442,4.670,2,FALSE,FALSE,FALSE,,,,,0.0080,1.34,Not in FoV (multiple ObsIds),
PSZ1_G044.83+10.02,279.164107,15.08047921,7.270,3,FALSE,FALSE,FALSE,,,,,-0.0021,-0.59,,
PSZ1_G045.44-08.73,296.4274808,6.969883443,4.565,3,FALSE,FALSE,FALSE,,,,,-0.0002,-0.03,,
PSZ1_G045.54+16.26,273.5380046,18.31664961,4.674,1,FALSE,FALSE,FALSE,,,,,0.0423,3.52,Extended X-rays; 5552 s,Chandra data; Confirmed by RTT150 z=0.24
PSZ1_G046.02-09.13,297.0567172,7.281900103,4.739,3,FALSE,FALSE,FALSE,,,,,-0.0050,-1.21,,
PSZ1_G046.35-06.83,295.1905994,8.679186046,4.795,2,FALSE,FALSE,FALSE,,,,,0.0026,0.51,,
PSZ1_G046.98+66.62,219.330431,30.28330116,4.521,3,FALSE,TRUE,FALSE,,,,,-0.0045,-1.62,Not in FoV (multiple ObsIds),
PSZ1_G047.44+37.39,252.5412493,27.00841693,4.920,3,FALSE,TRUE,FALSE,,,,,-0.0026,-0.99,,
PSZ1_G047.53+08.55,281.7441112,16.84316444,5.816,3,FALSE,FALSE,FALSE,,,,,0.0230,1.09,Proposed Sept 2014,
PSZ1_G048.22-51.60,335.0522961,-12.21654016,4.505,1,FALSE,FALSE,FALSE,,,,,0.0204,1.99,Proposed Sept 2014,
PSZ1_G048.22-65.03,347.4627958,-18.31831243,4.616,1,FALSE,FALSE,FALSE,,,,,0.0367,1.70,Proposed Sept 2014,
PSZ1_G049.90-76.98,359.3613178,-22.69253937,4.637,2,FALSE,FALSE,FALSE,,,,,0.0049,0.74,,
PSZ1_G050.01-16.88,305.7797628,6.759004033,5.286,2,FALSE,TRUE,FALSE,,,,,-0.0078,-3.19,,
PSZ1_G051.42-26.16,314.388083,2.99960437,4.597,2,FALSE,FALSE,FALSE,,,,,0.0069,1.27,,
PSZ1_G052.93+10.44,282.3713454,22.46125549,4.911,2,FALSE,FALSE,FALSE,,,,,-0.0022,-0.73,,
PSZ1_G053.50+09.56,283.4860848,22.58929622,5.112,2,FALSE,TRUE,TRUE,,,,,0.0038,0.93,,
PSZ1_G054.59-18.18,309.2328728,9.778050345,5.328,2,FALSE,TRUE,TRUE,,,,,0.0057,0.98,,
PSZ1_G055.83-41.64,329.30839,-2.530815355,5.723,3,FALSE,TRUE,TRUE,25-Oct-14,,4-Nov-14,,-0.0005,-0.10,,
PSZ1_G057.42-10.77,304.3560937,16.09252936,4.757,2,FALSE,FALSE,FALSE,,,,RASS BCS,0.0755,5.92,Proposed Sept 2014,NED: NVSS src 44 mJy @ 1.4 GHz; X-ray source 3' away
PSZ1_G058.45-33.47,323.8751231,3.92157036,4.826,2,FALSE,TRUE,FALSE,,,,,-0.0054,-1.48,,
PSZ1_G058.77-26.14,318.0891191,8.470705393,4.547,3,FALSE,TRUE,FALSE,,,,,-0.0079,-2.60,,
PSZ1_G059.99+11.06,285.0122832,29.00605253,4.548,2,FALSE,FALSE,FALSE,,,,,0.0006,0.13,Not in FoV (00058741001),
PSZ1_G060.12+11.42,284.6966438,29.26998568,6.287,1,FALSE,TRUE,FALSE,xxx,,,RASS BCS,0.0629,5.87,NP,Confirmed by RTT150 z=0.3
PSZ1_G060.51-19.54,313.5969445,13.63510703,4.652,2,FALSE,FALSE,FALSE,,,,,-0.0064,-2.20,,
PSZ1_G063.80+11.42,286.4733475,32.54588782,5.900,1,FALSE,TRUE,FALSE,,,,,0.0422,4.89,Proposed Sept 2014,
PSZ1_G063.92-16.75,313.2448621,17.90003878,4.619,2,FALSE,FALSE,FALSE,,,,,0.0129,1.25,NP,Confirmed by RTT150 z=0.393
PSZ1_G064.30+30.58,264.1825938,39.11505105,4.585,2,FALSE,FALSE,FALSE,,,,,0.0016,0.45,,
PSZ1_G064.83+35.79,257.5905032,40.4074465,4.544,2,FALSE,TRUE,FALSE,,,,,-0.0004,-0.12,,
PSZ1_G065.13+57.53,229.0671068,39.74382678,4.702,1,FALSE,FALSE,FALSE,,,,,0.0120,2.32,NP,Confirmed by RTT150 z=0.685
PSZ1_G066.01-23.30,319.8930989,15.41162143,5.058,2,FALSE,TRUE,FALSE,,,,,0.0113,1.64,NP,Confirmed by RTT150 z=0.248
PSZ1_G071.64-42.76,337.7142909,5.685424598,8.821,2,FALSE,TRUE,TRUE,7-Sep-13,24-Oct-14,3-Nov-14,,-0.0021,-0.40,,
PSZ1_G075.29+26.66,272.1519037,47.78084958,5.172,2,FALSE,FALSE,FALSE,,,,,-0.0033,-1.19,,
PSZ1_G078.39+46.13,242.2711849,50.20997163,4.904,2,FALSE,TRUE,FALSE,,,,,0.0109,1.93,Proposed Sept 2014,
PSZ1_G079.88+14.97,290.795622,48.25554592,4.709,2,FALSE,FALSE,FALSE,,,,WGACAT,0.0096,1.85,NP,Confirmed by RTT150 z=0.0998
PSZ1_G080.11-77.29,3.841885749,-17.5330167,4.520,1,FALSE,FALSE,FALSE,,,,,0.0271,2.53,NP,Confirmed by RTT150 z=0.43
PSZ1_G081.56+31.03,266.5520141,53.84663723,4.714,2,FALSE,TRUE,FALSE,,,,,-0.0003,-0.14,,
PSZ1_G083.35+76.41,203.6810195,37.17972994,4.646,2,FALSE,TRUE,FALSE,,,,RASS BCS/WGACAT,0.9844,23.76,Strong non-cluster X-ray source,Chandra strong non-cluster src (HETG; ObsID 8934; 8935)
PSZ1_G084.04+58.75,222.3070576,48.52181458,4.842,2,FALSE,TRUE,FALSE,,,,WGACAT,0.0001,0.02,,Confirmed by RTT150 z=0.731
PSZ1_G084.41-12.43,324.4640151,35.58198551,7.065,2,FALSE,TRUE,FALSE,xxx,,xxx,RASS BCS,0.0556,5.13,Extended X-rays; 1043 s,Confirmed by RTT150 z=0.273
PSZ1_G084.62-15.86,327.4320818,33.17328259,6.012,1,FALSE,TRUE,FALSE,24-Oct-14,,xxx,,0.0259,3.29,Proposed Sept 2014,Cluster likely in MOSAIC data - do not observe in IR
PSZ1_G085.71+10.67,300.7637184,51.34640449,5.351,1,FALSE,TRUE,FALSE,,,,,0.0227,4.12,NP,Confirmed by RTT150 z=0.0805
PSZ1_G087.25-41.86,346.3217291,13.53999207,5.041,3,FALSE,TRUE,TRUE,,,,,-0.0040,-1.73,,
PSZ1_G090.14-49.71,352.1639453,7.815998517,4.824,3,FALSE,TRUE,FALSE,,,,,-0.0054,-2.10,,
PSZ1_G090.48+46.89,236.3187905,57.79061784,4.900,2,FALSE,TRUE,FALSE,,,,,0.0042,1.27,,
PSZ1_G091.14-38.73,347.3042322,17.74159581,4.787,3,FALSE,TRUE,TRUE,,,,,0.0003,0.06,,
PSZ1_G091.73-30.23,343.1745149,25.34693143,4.645,3,FALSE,TRUE,TRUE,,,,,0.0054,1.09,,
PSZ1_G091.93+35.48,257.5456352,62.36262496,5.175,3,FALSE,TRUE,FALSE,,,,,0.0019,0.88,,
PSZ1_G092.41-37.39,347.535873,19.40111857,5.460,2,FALSE,TRUE,FALSE,,,,,0.0048,0.99,,
PSZ1_G092.46-35.25,346.4738734,21.29941213,5.467,3,FALSE,FALSE,FALSE,26-Oct-14,,5-Nov-14,,-0.0035,-1.14,,Chandra: not in FoV (ObsId: 10975)
PSZ1_G093.04-32.38,345.4275891,24.04025164,5.693,3,FALSE,TRUE,FALSE,26-Oct-14,,4-Nov-14,,0.0020,0.42,,
PSZ1_G094.95-36.72,349.1196997,20.93041854,4.794,3,FALSE,TRUE,FALSE,,,,,-0.0060,-2.75,,
PSZ1_G095.00-37.14,349.3596076,20.57962524,4.533,3,FALSE,TRUE,FALSE,,,,,0.0011,0.24,,
PSZ1_G096.44-10.40,334.8964446,44.5181316,6.550,3,FALSE,FALSE,FALSE,24-Oct-14,,3-Nov-14,,-0.0020,-0.87,,
PSZ1_G098.42+77.25,199.584721,38.56891065,4.714,3,FALSE,TRUE,FALSE,,,,,0.0011,0.27,,
PSZ1_G098.67-07.03,334.8386906,48.54216154,4.991,3,FALSE,FALSE,FALSE,,,,,0.0069,1.31,,
PSZ1_G098.85-07.27,335.2718031,48.44255908,4.865,2,FALSE,TRUE,TRUE,,,,,-0.0006,-0.14,,
PSZ1_G099.63+14.85,307.6610854,65.09763346,4.716,3,FALSE,FALSE,FALSE,,,,,-0.0018,-1.01,No extended X-rays,
PSZ1_G100.46-61.45,2.336413335,-0.4323601227,4.706,3,FALSE,FALSE,FALSE,,,,,0.0004,0.08,No obvious X-rays (big exposure) ,
PSZ1_G102.86-31.07,353.2827535,28.73100061,6.124,2,FALSE,TRUE,FALSE,25-Oct-14,,4-Nov-14,,-0.0016,-0.59,,
PSZ1_G102.97-04.77,338.6974456,52.72052801,5.640,2,FALSE,FALSE,FALSE,25-Oct-14,,xxx,,0.0098,1.64,Extended X-rays; 2094 s,Not in FoV of UVOT
PSZ1_G103.16-14.95,345.96632,43.75112317,5.082,3,FALSE,TRUE,TRUE,,,,,-0.0011,-0.29,,
PSZ1_G103.24+16.92,308.0569422,69.13217672,4.555,3,FALSE,FALSE,FALSE,,,,,-0.0020,-1.07,,
PSZ1_G103.50+31.36,264.1903945,72.55370529,4.635,1,FALSE,FALSE,FALSE,,,,,0.0133,4.98,Proposed Sept 2014,
PSZ1_G103.56-39.35,356.9042451,21.10320853,4.505,3,FALSE,TRUE,TRUE,,,,,-0.0038,-1.69,,
PSZ1_G103.94+25.81,282.9692111,72.96725799,4.784,1,FALSE,FALSE,FALSE,,,,,0.0442,8.87,Proposed Sept 2014,
PSZ1_G104.78+40.45,236.5929622,69.95046945,4.916,1,FALSE,FALSE,FALSE,,,,,0.0041,1.21,,
PSZ1_G105.91-38.39,358.4756221,22.57252664,7.161,2,FALSE,TRUE,FALSE,24-Oct-14,,3-Nov-14,,0.0027,0.69,,
PSZ1_G106.07-17.42,350.7993322,42.5372271,4.726,3,FALSE,TRUE,FALSE,,,,,-0.0033,-0.76,,
PSZ1_G106.15+25.76,284.251985,74.9282166,4.637,2,FALSE,FALSE,FALSE,,,,,0.0192,5.10,NP,Confirmed by RTT150 z=0.588
PSZ1_G106.49-10.43,347.649576,49.19392698,5.398,3,FALSE,TRUE,FALSE,,,,,-0.0003,-0.07,,
PSZ1_G106.81-36.44,358.6376598,24.64117303,4.659,2,FALSE,TRUE,TRUE,,,,,-0.0037,-0.99,Not in FoV (multiple ObsIds),
PSZ1_G108.13-09.21,349.2885754,50.92350962,5.388,3,FALSE,FALSE,FALSE,,,,,0.0012,0.23,,
PSZ1_G108.26+48.66,216.7972528,65.64980182,4.881,1,FALSE,FALSE,FALSE,,,,,0.0238,3.88,NP,Confirmed by RTT150 z=0.674
PSZ1_G108.90-52.04,4.156668118,9.880550378,6.894,3,FALSE,TRUE,TRUE,28-Nov-13,,3-Nov-14,,-0.0024,-1.09,,
PSZ1_G109.09-52.45,4.362359475,9.499303353,4.554,3,FALSE,TRUE,TRUE,,,,,0.0008,0.26,No obvious X-rays (big exposure) ,
PSZ1_G112.60-39.30,4.200735522,22.87159172,4.764,2,FALSE,TRUE,FALSE,,,,,-0.0024,-0.66,,
PSZ1_G114.81-11.80,0.3758279609,50.27524308,4.849,2,FALSE,FALSE,FALSE,,,,RASS BCS,0.0582,4.81,Extended X-rays; 2036 s,Confirmed by RTT150 z=0.228
PSZ1_G114.98+19.10,328.8991652,79.15333146,5.185,3,FALSE,FALSE,FALSE,,,,,0.0030,1.11,,
PSZ1_G115.34-54.89,8.466802422,7.721904719,4.804,2,FALSE,TRUE,FALSE,,,,,-0.0054,-0.88,,
PSZ1_G115.59-44.47,7.36241559,18.0827861,5.459,3,FALSE,TRUE,TRUE,,,,,0.0007,0.14,,
PSZ1_G117.29+13.44,350.6889625,75.33532555,4.537,2,FALSE,TRUE,FALSE,,,,,0.0112,2.38,Proposed Sept 2014,
PSZ1_G118.06+31.10,238.642216,84.17708071,5.995,2,FALSE,TRUE,FALSE,20-Feb-14,,20-Mar-14,,0.0023,0.76,,Cluster unlikely
PSZ1_G118.61+10.55,358.2684009,72.93773078,4.960,3,FALSE,FALSE,FALSE,,,,,0.0023,0.58,,
PSZ1_G118.87+42.71,203.7636558,74.06544976,4.512,2,FALSE,FALSE,FALSE,,,,,-0.0001,-0.01,,
PSZ1_G121.27+23.08,352.1640829,85.68861062,4.721,3,FALSE,FALSE,FALSE,,,,,0.0042,0.91,,
PSZ1_G121.69+24.47,349.7648753,87.1175037,5.347,3,FALSE,FALSE,FALSE,,,,,-0.0016,-0.55,,
PSZ1_G123.37+25.34,25.4303684,88.17618661,5.897,3,FALSE,FALSE,FALSE,25-Oct-14,,,,0.0042,1.00,,
PSZ1_G123.39+30.62,186.432952,86.47574481,4.533,1,FALSE,FALSE,FALSE,,,,,0.0233,3.93,Inconclusive; exposure too short; 393 s; Proposed Sept 2014,
PSZ1_G123.79+25.86,44.64401424,88.51886343,5.041,3,FALSE,FALSE,FALSE,,,,,0.0001,0.03,,
PSZ1_G124.56+25.38,53.13064643,87.72211353,4.760,3,FALSE,TRUE,FALSE,,,,,-0.0016,-0.51,,
PSZ1_G124.64+29.38,159.4638174,87.27991786,4.886,3,FALSE,FALSE,FALSE,,,,,0.0014,0.50,,
PSZ1_G125.54-56.25,14.3226109,6.589805116,4.858,2,FALSE,TRUE,FALSE,1-Nov-14,,,,-0.0057,-2.35,,
PSZ1_G126.44-70.36,14.05032853,-7.527261353,5.401,3,FALSE,TRUE,TRUE,,,,,0.0024,0.50,,
PSZ1_G127.02+26.21,89.84655438,86.22849262,4.954,1,FALSE,FALSE,FALSE,,,,,0.0158,2.60,NP,Confirmed by RTT150 z=0.574
PSZ1_G127.36-10.69,19.93206144,51.93487623,5.576,2,FALSE,TRUE,FALSE,25-Oct-14,,5-Nov-14,,0.0028,0.38,,
PSZ1_G127.55+20.84,47.71342615,82.42886603,5.911,2,FALSE,TRUE,TRUE,25-Oct-14,,5-Nov-14,,0.0018,0.41,,
PSZ1_G128.75-17.97,20.64371176,44.5437559,4.952,2,FALSE,TRUE,FALSE,,,,,-0.0085,-2.88,,
PSZ1_G133.50-46.77,20.35464276,15.48045164,4.910,3,FALSE,FALSE,FALSE,,,,,-0.0071,-2.69,Not in FoV (00045817002),
PSZ1_G134.08-44.61,21.16121386,17.54081625,5.422,3,FALSE,TRUE,FALSE,,,,,-0.0005,-0.13,,
PSZ1_G134.31-06.57,32.61491185,54.5432604,4.815,1,FALSE,TRUE,FALSE,,,,,0.0368,4.33,NP,Confirmed by RTT150 z=0.44
PSZ1_G134.75-56.53,19.38058006,5.731959833,4.569,3,FALSE,TRUE,FALSE,,,,,-0.0049,-2.04,,
PSZ1_G135.68+45.61,167.4548178,68.9123375,4.577,1,FALSE,TRUE,FALSE,,,,ROS-PSPC,0.0107,1.94,Proposed Sept 2014,
PSZ1_G135.92+76.21,188.8188839,40.50644319,5.221,2,FALSE,TRUE,FALSE,,,,,-0.0028,-0.98,,
PSZ1_G136.37-44.50,22.8571938,17.31787639,4.899,3,FALSE,TRUE,FALSE,,,,,-0.0044,-1.81,,
PSZ1_G137.51-10.01,35.67681401,50.25748126,5.329,2,FALSE,TRUE,TRUE,,,,,-0.0086,-3.71,,
PSZ1_G137.56+53.88,174.8846926,61.15576639,5.729,3,FALSE,TRUE,FALSE,20-Feb-14,,21-Mar-14,ROS-PSPC,-0.0075,-4.06,,Cluster unlikely
PSZ1_G138.60-10.85,36.75641368,49.08168878,8.257,2,FALSE,TRUE,FALSE,24-Oct-14,,3-Nov-14,,0.0066,1.40,,
PSZ1_G140.10+50.09,167.7009364,63.54700896,4.902,2,FALSE,TRUE,FALSE,,,,,-0.0024,-0.93,,
PSZ1_G141.59+23.69,95.48029253,72.81280449,4.829,2,FALSE,FALSE,FALSE,,,,,0.0027,0.58,,
PSZ1_G141.73+14.22,70.25725217,68.23542144,4.972,2,FALSE,FALSE,FALSE,,,,,0.0144,1.91,NP,Confirmed by RTT150 z=0.833
PSZ1_G142.17+37.28,139.7318627,70.86698494,5.791,2,FALSE,TRUE,TRUE,20-Feb-14,,21-Mar-14,,-0.0045,-2.01,,Cluster (low z) 3.3' N
PSZ1_G142.38+22.82,93.41623091,71.8725083,5.815,3,FALSE,FALSE,FALSE,20-Feb-14,,21-Mar-14,,0.0040,0.82,,Cluster unlikely
PSZ1_G143.70-08.59,45.16280819,48.99054282,4.560,2,FALSE,FALSE,FALSE,,,,,-0.0001,-0.04,,
PSZ1_G144.99+54.39,168.2619667,58.31077617,4.626,2,FALSE,TRUE,FALSE,,,,ROS-HRI,0.0033,0.61,No extended X-rays,
PSZ1_G146.00-49.42,27.89394834,10.73410944,6.621,3,FALSE,TRUE,TRUE,24-Oct-14,,4-Nov-14,,-0.0044,-1.85,,
PSZ1_G148.20+23.49,99.43978564,66.90677885,8.405,3,FALSE,TRUE,TRUE,20-Feb-14,24-Oct-14,20-Mar-14,,0.0128,1.77,Proposed Sept 2014,Feb-2014 Mosaic data mispointed
PSZ1_G150.33-20.04,45.10571518,35.86962538,4.753,2,FALSE,TRUE,TRUE,,,,,-0.0079,-3.66,,
PSZ1_G151.44-64.86,24.59796785,-4.62614326,4.699,3,FALSE,TRUE,FALSE,,,,,0.0030,0.65,,
PSZ1_G153.41+36.58,130.6665694,62.57544821,6.848,3,FALSE,TRUE,FALSE,20-Feb-14,,20-Mar-14,,0.0014,0.37,,Cluster (z~0.8) 3.5' South
PSZ1_G153.56+36.23,129.8786874,62.52516164,5.964,3,FALSE,TRUE,FALSE,20-Feb-14,,21-Mar-14,,-0.0029,-1.27,,Cluster (possible) z~0.8 3.2' West
PSZ1_G153.87+41.05,139.6115683,61.05848357,4.795,3,FALSE,FALSE,FALSE,,,,,-0.0035,-1.07,,
PSZ1_G157.07-33.66,42.90892272,21.12353047,4.898,2,FALSE,FALSE,FALSE,,,,,-0.0034,-1.62,,
PSZ1_G157.84+21.23,100.0593468,57.71476744,4.635,1,FALSE,TRUE,FALSE,,,,,0.0295,2.34,NP,Confirmed by RTT150 z=0.43
PSZ1_G158.34-47.49,36.20309981,8.849410268,4.632,1,FALSE,FALSE,FALSE,,,,,0.0266,2.18,Proposed Sept 2014,
PSZ1_G158.58-52.47,33.72333864,4.517538665,4.514,2,FALSE,TRUE,FALSE,,,,,-0.0004,-0.09,,
PSZ1_G159.29-24.66,50.24505818,27.44758276,4.759,3,FALSE,TRUE,FALSE,,,,,-0.0035,-1.51,,
PSZ1_G160.59+17.41,95.2293666,53.96921572,4.675,2,FALSE,FALSE,FALSE,,,,,-0.0072,-2.23,,
PSZ1_G162.30-26.92,51.11030954,24.0123519,6.558,3,FALSE,TRUE,TRUE,25-Oct-14,,5-Nov-14,,-0.0065,-2.04,,
PSZ1_G163.03-27.80,51.07499598,22.92408555,4.500,3,FALSE,FALSE,FALSE,,,,,-0.0032,-1.41,,
PSZ1_G165.76+31.15,119.5415431,52.59860773,4.989,2,FALSE,TRUE,FALSE,,,,,-0.0032,-1.37,,
PSZ1_G165.94+50.48,150.4026016,49.98404848,4.514,2,FALSE,TRUE,FALSE,,,,,-0.0002,-0.03,,
PSZ1_G167.43-38.04,47.31826909,12.64408387,6.107,2,FALSE,TRUE,FALSE,25-Oct-14,,xxx,,0.0111,1.10,Proposed Sept 2014,Cluster likely in MOSAIC data - do not observe in IR
PSZ1_G169.80+26.10,112.5344359,48.33390653,5.319,3,FALSE,TRUE,TRUE,,,,,-0.0040,-1.64,,
PSZ1_G171.01+15.93,98.979117,44.17896193,4.886,1,FALSE,FALSE,FALSE,,,,,0.0144,1.68,NP,Confirmed by RTT150 z=0.281
PSZ1_G173.07-36.12,52.03831045,11.05986179,4.946,3,FALSE,FALSE,FALSE,,,,,-0.0027,-1.07,No extended X-rays,
PSZ1_G178.10+18.58,105.5701252,38.83645328,5.015,2,FALSE,TRUE,FALSE,,,,ROS-HRI,-0.0008,-0.21,,
PSZ1_G181.12-29.42,61.72073617,10.63866944,4.817,3,FALSE,FALSE,FALSE,,,,,-0.0015,-0.41,,
PSZ1_G181.21-30.73,60.74936904,9.740597693,5.870,3,FALSE,FALSE,FALSE,29-Jan-14,,,,-0.0027,-0.81,,Cluster (possible)
PSZ1_G182.49-57.09,41.08290549,-7.926928775,5.086,2,FALSE,TRUE,FALSE,1-Nov-14,,,,-0.0055,-1.11,,
PSZ1_G183.26+12.25,100.7320487,31.8187723,5.428,2,FALSE,TRUE,FALSE,26-Oct-14,,xxx,,0.0053,0.93,NP,Confirmed by RTT150 z=0.85
PSZ1_G185.42-32.03,61.9882045,6.116569481,6.153,3,FALSE,TRUE,FALSE,30-Jan-14,,4-Nov-14,,0.0018,0.38,,
PSZ1_G185.53-33.97,60.50092625,4.862823654,4.983,3,FALSE,FALSE,FALSE,,,,,0.0015,0.35,No extended X-rays,
PSZ1_G185.93-31.21,62.91322268,6.266855247,5.904,3,FALSE,FALSE,FALSE,29-Jan-14,20-Feb-14,5-Nov-14,,0.0054,0.84,,
PSZ1_G186.54+85.60,188.3583889,29.00892875,4.510,2,FALSE,FALSE,FALSE,,,,,0.0012,0.28,,Chandra no X-ray detection (ObsId: 13352)
PSZ1_G189.29+07.44,98.70761975,24.38435195,5.103,2,FALSE,TRUE,TRUE,,,,,0.0032,0.64,,
PSZ1_G189.82-37.25,59.92098774,0.1084510482,6.993,2,FALSE,TRUE,FALSE,7-Sep-13,28-Nov-13,3-Nov-14,,0.0043,0.78,No extended X-rays,Chandra no X-ray detection (ObsId 13384: 4.0 ks); significant extended source 7' NE of Planck position
PSZ1_G191.05+12.85,104.911754,25.13962097,4.510,1,FALSE,FALSE,FALSE,,,,,0.0106,1.38,Extended X-rays 4' SE; 2617 s,NED: z=0.09 gal; NVSS radio source 21 mJy @1.4 GHz
PSZ1_G191.78-26.64,69.62273884,4.731730163,4.758,3,FALSE,TRUE,FALSE,,,,,-0.0044,-1.31,,
PSZ1_G194.68-49.73,51.36643128,-9.665506885,4.997,3,FALSE,TRUE,FALSE,,,,,-0.0003,-0.07,,
PSZ1_G194.70-58.93,43.24485364,-14.29857569,4.622,2,FALSE,FALSE,FALSE,,,,,0.0173,1.76,Proposed Sept 2014,
PSZ1_G194.74-10.10,85.28103112,11.15757979,5.187,3,FALSE,TRUE,TRUE,,,,,-0.0005,-0.15,,
PSZ1_G197.20-59.04,43.77625728,-15.48048142,4.569,3,FALSE,FALSE,FALSE,,,,,-0.0029,-0.77,,
PSZ1_G198.06-12.52,84.82344053,7.122602155,4.816,3,FALSE,TRUE,TRUE,,,,,-0.0044,-1.44,,
PSZ1_G199.70+37.01,133.0629898,25.91946716,4.890,2,FALSE,TRUE,FALSE,,,,,0.0006,0.10,Possible X-rays (8 ks exposure),
PSZ1_G203.42-04.03,94.8860971,6.576557444,4.697,2,FALSE,TRUE,TRUE,,,,,0.0053,0.94,,
PSZ1_G205.56-55.75,48.84710355,-18.21924201,4.551,2,FALSE,FALSE,FALSE,,,,,0.0144,3.09,NP,Confirmed by RTT150 z=0.31
PSZ1_G206.45+13.89,112.4969808,11.93962323,5.896,2,FALSE,TRUE,FALSE,20-Feb-14,24-Oct-14,21-Mar-14,,0.0579,3.42,Proposed Sept 2014,Cluster (possible) z~0.8 2.0' West  near bright star
PSZ1_G206.52-26.37,76.50696791,-6.524361374,5.382,3,FALSE,FALSE,FALSE,30-Jan-14,,,,0.0009,0.18,,
PSZ1_G206.64-21.17,81.20394265,-4.235179286,6.616,3,FALSE,TRUE,FALSE,28-Nov-13,28-Jan-14,2-Dec-14,,-0.0072,-2.19,,
PSZ1_G211.25-60.30,45.2742431,-22.53282933,4.838,2,FALSE,FALSE,FALSE,,,,,-0.0010,-0.19,,
PSZ1_G212.63+07.45,109.3665763,3.650226974,4.721,3,FALSE,FALSE,FALSE,,,,,0.0116,1.79,Proposed Sept 2014,
PSZ1_G212.80+46.65,146.1424976,19.44882689,4.775,2,FALSE,TRUE,FALSE,,,,,0.0044,0.84,Not in FoV (multiple Obsids),
PSZ1_G213.27+78.35,179.8282967,26.45609387,4.710,2,FALSE,TRUE,FALSE,,,,,-0.0061,-2.76,,
PSZ1_G215.84-34.59,72.25935321,-17.22325751,4.653,2,FALSE,FALSE,FALSE,,,,,-0.0055,-2.08,,
PSZ1_G216.27+10.10,113.3703246,1.651733468,5.157,3,FALSE,FALSE,FALSE,,,,,0.0028,0.58,,
PSZ1_G218.41-39.76,67.86103635,-20.91350109,4.708,2,FALSE,FALSE,FALSE,,,,,-0.0035,-0.76,,
PSZ1_G218.54+13.26,117.2011166,1.13748198,5.245,1,FALSE,TRUE,TRUE,30-Jan-14,,,,0.0319,3.23,Proposed Sept 2014,Cluster (low z)
PSZ1_G218.69-72.78,32.24667876,-27.51718961,4.562,1,FALSE,FALSE,FALSE,,,,RASS BCS,0.0334,3.69,Proposed Sept 2014,
PSZ1_G221.37-29.89,78.6524385,-19.91231231,4.516,2,FALSE,TRUE,FALSE,,,,,0.0258,2.74,Possibly extended X-rays  3.6' NE; 980 s; Proposed Sept 2014,
PSZ1_G221.64-58.20,48.73811598,-27.29525939,5.023,1,FALSE,FALSE,FALSE,1-Nov-14,,,,0.0223,1.78,Proposed Sept 2014,
PSZ1_G222.39-16.58,91.9538336,-15.68287082,4.517,3,FALSE,FALSE,FALSE,,,,,-0.0023,-0.90,Not in FoV (multiple ObsIds),
PSZ1_G223.80+58.50,160.3152417,17.52596245,4.570,2,FALSE,TRUE,FALSE,,,,,-0.0009,-0.19,,
PSZ1_G224.45+05.25,112.8744943,-7.775132172,4.553,2,FALSE,FALSE,FALSE,,,,,0.0133,1.65,Proposed Sept 2014,Chandra: not in FoV (ObsId: 12322; 13189)
PSZ1_G224.82+13.62,120.4233935,-4.065136308,5.511,2,FALSE,FALSE,FALSE,29-Jan-14,20-Feb-14,xxx,UnId'd Einstein srce,0.0300,-99.00,No data; Proposed Sept 2014,Chandra HRC faint diffuse X-rays; Cluster (z~0.7-0.8); RASS rate estimated from IPC
PSZ1_G225.39+04.23,112.4147023,-9.08319374,4.519,3,FALSE,FALSE,FALSE,,,,,0.0093,1.46,,
PSZ1_G225.80-66.19,39.82825604,-29.81444154,7.771,3,FALSE,TRUE,TRUE,7-Sep-13,28-Nov-13,16-Dec-13,,0.0039,0.78,,
PSZ1_G226.86-66.47,39.50343024,-30.2400898,4.926,3,FALSE,FALSE,FALSE,,,,,0.0058,1.00,,
PSZ1_G228.24-28.77,81.95251288,-25.18174728,7.831,3,FALSE,TRUE,TRUE,7-Sep-13,28-Nov-13,16-Dec-13,,0.0006,0.13,,
PSZ1_G229.92-28.32,82.95186286,-26.44547752,6.966,3,FALSE,TRUE,TRUE,28-Nov-13,,2-Dec-14,,0.0005,0.11,,
PSZ1_G231.05-17.32,94.72276794,-23.58271023,4.736,1,FALSE,TRUE,FALSE,,,,RASS BCS,0.0459,4.73,Extended X-rays; 2670 s,UVOT src; no obvious cluster
PSZ1_G231.74-09.98,102.2789432,-21.20326383,4.794,2,FALSE,FALSE,FALSE,,,,,0.0065,1.26,,
PSZ1_G234.12+10.45,122.3050967,-13.51288946,4.611,1,FALSE,TRUE,FALSE,,,,,0.0256,2.34,Proposed Sept 2014,
PSZ1_G235.05-10.32,103.4494305,-24.30018775,5.224,3,FALSE,TRUE,TRUE,,,,WGACAT,0.0054,0.97,,Chandra data (Not in FoV of HETG ObsIDs 14533; 14534; 14535)
PSZ1_G235.93+38.21,146.5385546,0.503042681,4.792,3,FALSE,TRUE,TRUE,,,,,-0.0038,-1.62,,
PSZ1_G236.51+48.39,155.1325146,5.997705778,4.517,3,FALSE,TRUE,FALSE,,,,,-0.0038,-1.59,Not in FoV (multiple ObsIds),
PSZ1_G236.57-08.38,106.0875045,-24.80930361,5.830,2,FALSE,TRUE,TRUE,29-Jan-14,,,,-0.0008,-0.18,,
PSZ1_G236.57-37.68,74.00770877,-34.13644206,4.684,3,FALSE,FALSE,FALSE,,,,,-0.0014,-0.28,,
PSZ1_G237.94+21.65,133.9326931,-10.45638436,5.054,3,FALSE,FALSE,FALSE,,,,,-0.0047,-1.50,,
PSZ1_G240.42+77.58,181.0764056,20.91432154,4.589,2,FALSE,TRUE,FALSE,,,,,0.0079,1.36,,
PSZ1_G240.67-65.42,39.8975362,-35.94140734,4.641,3,FALSE,TRUE,TRUE,,,,,0.0051,1.04,,
PSZ1_G241.61-59.05,47.58999743,-37.64360972,4.644,2,FALSE,TRUE,FALSE,,,,,0.0052,0.89,,
PSZ1_G241.68-30.47,83.71114141,-36.88480419,4.584,1,FALSE,FALSE,FALSE,,,,,0.0432,4.53,Proposed Sept 2014,
PSZ1_G244.48+34.06,147.4656996,-7.491230318,8.143,3,FALSE,FALSE,FALSE,28-Jan-14,29-Jan-14,20-Mar-14,,0.0070,1.32,,
PSZ1_G244.65+08.61,126.6258198,-23.23207392,4.561,1,FALSE,TRUE,FALSE,,,,,0.0147,1.81,Extended X-rays; 1484 s,Not detected in UVOT
PSZ1_G244.68-51.59,56.79058351,-40.41226744,4.556,3,FALSE,FALSE,FALSE,,,,,-0.0010,-0.13,,
PSZ1_G245.21-65.29,39.42194518,-37.80164083,4.623,2,FALSE,FALSE,FALSE,,,,,-0.0004,-0.12,,
PSZ1_G245.67-07.42,111.6889581,-32.4252576,4.601,2,FALSE,FALSE,FALSE,,,,,0.0121,1.58,Proposed Sept 2014,
PSZ1_G246.45+13.16,131.7484087,-22.00920688,4.749,1,FALSE,FALSE,FALSE,,,,RASS BCS,0.0153,2.01,Extended X-rays; 975 s,Not detected in UVOT
PSZ1_G246.85-12.28,107.0380969,-35.61858693,7.462,3,FALSE,TRUE,TRUE,7-Sep-13,28-Nov-13,1-Dec-14,,-0.0007,-0.20,Not in FoV (00049615003),
PSZ1_G248.23-20.89,97.51660055,-40.02317831,4.514,3,FALSE,FALSE,FALSE,,,,,-0.0048,-2.01,Not in FoV (00074849006),
PSZ1_G248.96-58.75,46.86182805,-41.40800146,4.783,2,FALSE,FALSE,FALSE,,,,,0.0094,1.53,NP,SPT-Cl J0307-4123 (Bleem et al 2014) z_p=0.67\pm0.04
PSZ1_G249.01+73.75,179.1925149,16.92880031,7.145,3,FALSE,TRUE,FALSE,20-Feb-14,,20-Mar-14,,-0.0001,-0.03,,Cluster unlikely
PSZ1_G250.43-09.05,112.5699893,-37.3669759,6.011,2,FALSE,TRUE,TRUE,28-Jan-14,,,,0.0020,0.33,,
PSZ1_G250.50-33.97,80.76247205,-44.82058615,4.617,2,FALSE,FALSE,FALSE,,,,,0.0042,0.90,,
PSZ1_G252.36-32.75,82.7331034,-46.22676398,4.886,2,FALSE,TRUE,FALSE,1-Nov-14,,,WGACAT,-0.0040,-1.18,,
PSZ1_G252.42+22.14,143.0609518,-20.63339998,4.639,2,FALSE,TRUE,FALSE,,,,,0.0047,0.90,,
PSZ1_G253.10+29.81,149.3216704,-15.74522588,5.042,2,FALSE,FALSE,FALSE,,,,,-0.0001,-0.03,,
PSZ1_G253.21-10.95,111.9824171,-40.66296208,5.169,3,FALSE,TRUE,TRUE,,,,,0.0002,0.03,,
PSZ1_G253.42-10.94,112.1142642,-40.84104046,6.265,3,FALSE,FALSE,FALSE,28-Nov-13,28-Jan-14,2-Dec-14,,-0.0031,-0.57,,
PSZ1_G254.09+19.96,142.4909254,-23.25873253,5.451,3,FALSE,TRUE,TRUE,,,,,0.0037,0.81,,
PSZ1_G254.52+08.27,132.876932,-31.26473434,4.827,1,FALSE,FALSE,FALSE,1-Nov-14,,,,0.0227,2.77,Proposed Sept 2014,
PSZ1_G254.58-32.16,83.90835956,-48.03131137,4.549,1,FALSE,FALSE,FALSE,,,,,-0.0072,-1.32,Not in FoV (00049110001),SPT-CL J0535-4801 (Bleem et al 2014) z_p=0.92\pm 0.07
PSZ1_G258.71+33.27,155.4251481,-16.44498732,4.674,3,FALSE,FALSE,FALSE,,,,,0.0006,0.10,,
PSZ1_G259.04-83.24,18.36999565,-31.88763847,4.531,2,FALSE,TRUE,FALSE,,,,,0.0019,0.27,,
PSZ1_G259.06+24.58,149.5774035,-23.18791843,4.716,2,FALSE,TRUE,FALSE,,,,,-0.0036,-1.27,Not in FoV (multiple ObsIds),
PSZ1_G260.83+06.73,136.3441268,-37.03878892,4.704,1,FALSE,TRUE,FALSE,,,,,0.0161,2.33,Proposed Sept 2014,
PSZ1_G261.65-10.98,117.3088536,-48.03108805,4.904,1,FALSE,FALSE,FALSE,1-Nov-14,,,RASS BCS,0.0734,5.57,Extended X-rays; 3483 s,NED: z=0.148 gal; SUMSS radio srce 40.4 mJy @ 843 MHz
PSZ1_G262.45+49.34,167.7163552,-5.46153806,4.604,2,FALSE,TRUE,FALSE,,,,,0.0104,1.53,Proposed Sept 2014,
PSZ1_G264.01+59.77,174.4041789,2.603010344,4.677,2,FALSE,FALSE,FALSE,,,,,0.0064,1.12,,
PSZ1_G264.49-17.77,109.448773,-53.4252378,5.041,1,FALSE,TRUE,FALSE,1-Nov-14,,,,0.0057,1.00,,
PSZ1_G265.00+31.83,158.8899654,-20.84892345,4.872,2,FALSE,FALSE,FALSE,,,,,-0.0041,-1.07,,
PSZ1_G265.37+08.05,141.5015275,-39.39428089,5.085,1,FALSE,TRUE,FALSE,1-Nov-14,,,,0.0300,3.23,Proposed Sept 2014,
PSZ1_G265.52-25.58,96.84560535,-56.56556604,4.780,2,FALSE,FALSE,FALSE,,,,,-0.0023,-0.99,,
PSZ1_G265.64-46.87,58.74392413,-54.77349488,4.984,2,FALSE,FALSE,FALSE,1-Nov-14,,,,-0.0091,-5.00,,
PSZ1_G266.66-24.88,98.48939997,-57.44266753,4.714,2,FALSE,FALSE,FALSE,,,,,-0.0052,-2.78,,
PSZ1_G267.16-60.72,38.50352534,-48.66455651,5.003,3,FALSE,FALSE,FALSE,,,,,-0.0008,-0.22,,
PSZ1_G268.56-26.23,96.57513295,-59.37903807,4.716,2,FALSE,FALSE,FALSE,,,,,0.0009,0.30,,
PSZ1_G268.86+55.92,174.5561165,-2.026521994,4.658,2,FALSE,TRUE,FALSE,,,,,-0.0026,-0.69,,Chandra: not in FoV (ObsId: 4871)
PSZ1_G269.35-53.39,46.90977296,-53.92009876,4.597,2,FALSE,FALSE,FALSE,,,,,-0.0012,-0.41,,
PSZ1_G271.28-36.12,76.37427245,-61.7409416,5.132,1,FALSE,FALSE,FALSE,,,,RASS BCS,0.0488,5.48,Extended X-rays; 1529 s,SPT-CL J0505-6145 (Bleem et al 2014) z_p=0.25 \pm 0.03
PSZ1_G272.99-20.73,109.5113412,-61.97242894,4.865,2,FALSE,FALSE,FALSE,1-Nov-14,,,,-0.0009,-0.38,,
PSZ1_G273.13-25.03,100.5555137,-63.21975196,4.759,2,FALSE,FALSE,FALSE,,,,,-0.0028,-1.58,,
PSZ1_G273.98+05.67,148.064709,-46.88290825,4.866,3,FALSE,FALSE,FALSE,,,,,0.0077,1.23,,
PSZ1_G275.74-06.11,137.0363409,-56.69216261,4.870,2,FALSE,FALSE,FALSE,,,,,-0.0014,-0.24,,
PSZ1_G276.48-21.52,110.1804234,-65.30924582,4.522,1,FALSE,FALSE,FALSE,,,,,0.0302,3.92,Proposed Sept 2014,
PSZ1_G278.78+08.54,156.2132866,-47.34082798,5.978,2,FALSE,FALSE,FALSE,28-Jan-14,,,,0.0201,2.05,Proposed Sept 2014,Cluster z~0.8
PSZ1_G278.83-15.67,125.0443806,-64.87397513,4.686,2,FALSE,FALSE,FALSE,,,,,-0.0009,-0.32,Not in FoV (multiple ObsIds),
PSZ1_G278.94-17.62,121.09173,-65.93005193,4.633,2,FALSE,FALSE,FALSE,,,,,0.0172,3.27,Proposed Sept 2014,
PSZ1_G279.17-80.06,17.79700413,-36.13371921,4.507,1,FALSE,TRUE,FALSE,,,,,0.0051,0.72,,
PSZ1_G279.45-24.07,105.8260389,-68.63896376,4.507,2,FALSE,FALSE,FALSE,,,,,-0.0012,-0.36,Not in FoV (00032970001),
PSZ1_G279.52-14.33,128.535456,-64.71354485,4.536,3,FALSE,FALSE,FALSE,,,,,0.0001,0.02,,
PSZ1_G280.18+14.59,162.2006292,-42.79272819,4.837,2,FALSE,FALSE,FALSE,,,,,-0.0010,-0.15,,
PSZ1_G281.04-24.59,105.2861684,-70.16725272,4.562,2,FALSE,FALSE,FALSE,,,,,0.0021,0.54,,
PSZ1_G281.49-08.34,141.6560659,-62.35300436,5.125,2,FALSE,FALSE,FALSE,,,,,0.0211,2.09,Proposed Sept 2014,
PSZ1_G282.11+38.29,175.3825576,-21.73779808,4.833,1,FALSE,TRUE,FALSE,,,,,0.0437,3.32,Proposed Sept 2014,
PSZ1_G286.07-42.77,49.69855859,-69.20322776,4.889,2,FALSE,FALSE,FALSE,1-Nov-14,,,,0.0274,0.79,Proposed Sept 2014,
PSZ1_G286.25+62.68,185.2925706,0.7927927174,5.522,2,FALSE,TRUE,FALSE,20-Feb-14,,,,-0.0039,-0.98,,Cluster (possible) high-z; needs IR
PSZ1_G286.63-23.93,111.5032754,-74.95911809,4.596,1,FALSE,FALSE,FALSE,,,,,0.0402,4.70,Proposed Sept 2014,
PSZ1_G287.21+34.96,178.5427884,-26.15604017,5.019,2,FALSE,FALSE,FALSE,,,,,0.0489,1.57,Proposed Sept 2014,
PSZ1_G288.27+11.71,170.8384807,-48.63161678,5.907,2,FALSE,TRUE,TRUE,28-Jan-14,,,,0.0170,1.30,Proposed Sept 2014,Cluster z~0.8
PSZ1_G288.87-32.97,73.78636407,-76.51922952,4.778,1,FALSE,FALSE,FALSE,,,,,0.0224,3.13,Proposed Sept 2014,
PSZ1_G289.30-28.95,91.02792432,-77.83825494,4.913,1,FALSE,FALSE,FALSE,1-Nov-14,,,,0.0369,5.22,Proposed Sept 2014,
PSZ1_G291.18+21.78,178.6167753,-39.78596575,4.764,2,FALSE,FALSE,FALSE,,,,,0.0041,0.43,,
PSZ1_G291.58-23.91,117.7628158,-79.27712914,4.608,2,FALSE,FALSE,FALSE,,,,,0.0158,2.04,Proposed Sept 2014,
PSZ1_G292.40-57.11,23.99068695,-59.09317542,4.823,2,FALSE,FALSE,FALSE,,,,,0.0122,1.49,NP,SPT-CL J0135-5904 (Bleem et al 2014) z_p=0.49 \pm 0.03
PSZ1_G292.75-23.79,120.5707667,-80.22590886,5.388,3,FALSE,FALSE,FALSE,30-Jan-14,,,,-0.0069,-1.47,,
PSZ1_G292.83-16.60,149.1704081,-75.91840455,4.954,2,FALSE,TRUE,FALSE,,,,RASS BCS,0.0713,4.08,Extended X-rays; 931 s,UVOT src; no obvious cluster; NED: CIZA J0957.2-7554; SUMSS radio src 380mJy @ 843 MHz
PSZ1_G293.66+08.25,177.3224035,-53.49876765,5.061,2,FALSE,FALSE,FALSE,,,,,0.0057,0.70,,
PSZ1_G293.92-17.26,150.8497478,-77.09838771,4.651,3,FALSE,FALSE,FALSE,,,,,0.0091,1.42,,
PSZ1_G294.39-14.34,159.2453613,-74.93636412,4.980,3,FALSE,TRUE,FALSE,,,,,0.0621,0.92,Proposed Sept 2014,NED: SUMSS src 13mJy at 843 MHz
PSZ1_G294.53-19.66,145.1878441,-79.28164444,4.808,3,FALSE,FALSE,FALSE,,,,,0.0027,0.72,,
PSZ1_G295.00-37.76,42.97583551,-77.44980959,4.620,3,FALSE,TRUE,FALSE,,,,,-0.0065,-1.57,,
PSZ1_G295.98-69.26,16.50237731,-47.66433849,4.505,2,FALSE,FALSE,FALSE,,,,,0.0031,0.42,,
PSZ1_G297.20-44.90,25.82635626,-71.64055913,4.681,2,FALSE,FALSE,FALSE,,,,,0.0282,1.14,Proposed Sept 2014,
PSZ1_G297.34-34.70,43.7928819,-81.03492133,4.546,3,FALSE,FALSE,FALSE,,,,,-0.0062,-1.85,,
PSZ1_G297.64-11.94,173.7429101,-74.0284876,5.860,3,FALSE,TRUE,TRUE,29-Jan-14,,,,-0.0037,-0.82,Not in FoV (multiple ObsIds),
PSZ1_G301.08-24.08,163.7764083,-86.5368189,5.745,3,FALSE,TRUE,TRUE,29-Jan-14,,,,-0.0075,-1.68,,
PSZ1_G303.89-18.52,198.9363932,-81.35221701,4.685,3,FALSE,FALSE,FALSE,,,,,-0.0030,-0.51,,
PSZ1_G303.94-24.33,211.2296743,-87.05607347,6.811,3,FALSE,TRUE,TRUE,28-Mar-14,,,,-0.0002,-0.03,,
PSZ1_G303.95-18.29,199.1567011,-81.11558182,4.920,3,FALSE,FALSE,FALSE,,,,,0.0054,0.69,,
PSZ1_G305.31-33.57,355.7825172,-83.23576207,4.703,3,FALSE,FALSE,FALSE,,,,,-0.0034,-0.50,,
PSZ1_G305.55-42.77,5.778225628,-74.20635064,4.664,2,FALSE,FALSE,FALSE,,,,,-0.0009,-0.26,,
PSZ1_G305.77+44.80,194.9828316,-18.01712988,4.717,2,FALSE,FALSE,FALSE,,,,,0.0146,1.50,Proposed Sept 2014,
PSZ1_G305.93-25.47,251.9882065,-86.84062761,5.259,1,FALSE,TRUE,FALSE,,,,,0.0467,2.93,Proposed Sept 2014,
PSZ1_G305.97-37.15,359.2610346,-79.64669385,5.993,1,FALSE,TRUE,FALSE,1-Nov-14,,1-Dec-14,,0.0387,2.40,Proposed Sept 2014,
PSZ1_G306.23+11.89,197.9767224,-50.8473497,4.783,1,FALSE,FALSE,FALSE,,,,RASS BCS,0.0585,4.06,Extended X-rays; 873 s,Not detected in UVOT
PSZ1_G306.61-41.25,1.694149777,-75.55330182,4.987,2,FALSE,FALSE,FALSE,1-Nov-14,,,,-0.0010,-0.14,,
PSZ1_G306.96+50.58,195.4776587,-12.20700365,4.605,2,FALSE,FALSE,FALSE,,,,,0.0116,1.25,Proposed Sept 2014,
PSZ1_G307.10-10.17,206.6979356,-72.59634647,4.600,3,FALSE,TRUE,TRUE,,,,,-0.0009,-0.20,,
PSZ1_G309.62-19.95,234.8232848,-80.5650765,6.441,3,FALSE,TRUE,TRUE,,,,,-0.0011,-0.15,,
PSZ1_G309.93+09.20,204.3975557,-53.0368771,5.213,2,FALSE,TRUE,FALSE,,,,,0.0700,3.32,Proposed Sept 2014,NED: X-ray srce; No ID
PSZ1_G311.65-18.48,237.5553131,-78.20057357,4.636,2,FALSE,TRUE,FALSE,,,,,0.0328,1.90,Proposed Sept 2014,
PSZ1_G311.94-33.25,323.2550632,-80.0904983,4.676,2,FALSE,FALSE,FALSE,,,,,-0.0031,-0.57,,
PSZ1_G312.36+17.83,205.41074,-44.11675862,4.640,1,FALSE,FALSE,FALSE,,,,,0.0503,2.82,Proposed Sept 2014,
PSZ1_G312.49-28.84,296.5398997,-81.38580057,5.027,3,FALSE,FALSE,FALSE,,,,,0.0046,0.65,,
PSZ1_G313.10-22.56,258.7490495,-79.70489389,6.148,3,FALSE,TRUE,TRUE,,,,,-0.0051,-0.99,Not in FoV (mutiple ObsIds),
PSZ1_G313.74-65.82,5.889233187,-50.70866546,5.018,2,FALSE,FALSE,FALSE,1-Nov-14,,,,-0.0027,-0.46,,
PSZ1_G314.40-28.15,291.2761887,-79.79079763,4.831,3,FALSE,TRUE,FALSE,,,,,0.0052,0.60,,
PSZ1_G315.62-28.63,293.4723716,-78.68883282,6.479,3,FALSE,TRUE,TRUE,,,,,-0.0051,-1.19,,
PSZ1_G316.92-26.91,285.0542596,-77.53570892,5.480,2,FALSE,FALSE,FALSE,,,,WGACAT,0.0052,0.55,,
PSZ1_G318.61+83.80,194.6520855,21.15092076,6.929,3,FALSE,TRUE,TRUE,20-Feb-14,,20-Mar-14,,-0.0031,-1.01,,Cluster (possible) high-z > 1
PSZ1_G323.34+27.37,214.3021607,-32.07256546,4.587,2,FALSE,TRUE,FALSE,,,,,0.0124,1.36,Proposed Sept 2014,
PSZ1_G323.49+41.82,208.8776364,-18.47544493,4.515,3,FALSE,FALSE,FALSE,,,,,-0.0035,-0.68,,
PSZ1_G324.22+34.53,212.1511662,-25.12738334,4.781,2,FALSE,TRUE,FALSE,,,,,0.0013,0.19,,
PSZ1_G327.27+11.05,227.8356362,-45.10250732,6.289,1,FALSE,TRUE,TRUE,28-Mar-14,,,,0.0102,1.10,Proposed Sept 2014,
PSZ1_G327.61-06.08,245.4434245,-58.47591985,4.903,1,FALSE,FALSE,FALSE,,,,RASS BCS,0.1068,4.89,Proposed Sept 2014,NED: *WKK 6642 z=0.07811 galaxy 1' away
PSZ1_G330.85+32.30,218.7280716,-24.89773937,4.631,2,FALSE,TRUE,FALSE,,,,,-0.0010,-0.17,,
PSZ1_G332.30+72.17,201.6660365,11.34491595,4.762,2,FALSE,FALSE,FALSE,,,,,-0.0101,-2.38,,Chandra: not in FoV (ObsId: 3565)
PSZ1_G334.49-44.23,325.2579943,-59.48155668,4.629,3,FALSE,FALSE,FALSE,,,,,-0.0035,-0.63,,
PSZ1_G337.21-12.59,265.3294408,-54.79007257,5.110,2,FALSE,FALSE,FALSE,,,,,0.0633,2.48,Proposed Sept 2014,NED: PMN src 40 mJy at 4.85 GHz; X-ray source; 2MASS gal z=0.08714
PSZ1_G337.61+25.41,228.356758,-27.73606217,4.654,1,FALSE,FALSE,FALSE,,,,,0.0001,0.02,,
PSZ1_G337.89+23.60,229.7778282,-29.06187304,6.743,3,FALSE,TRUE,TRUE,28-Mar-14,,,,-0.0027,-0.43,Not in FoV (00046353004),
PSZ1_G337.91-12.15,265.2571302,-53.9831423,4.983,2,FALSE,FALSE,FALSE,,,,WGACAT,-0.0085,-0.74,,Chandra marginal detection (ObsID: 7461; 88 ks); near edge of FoV
PSZ1_G337.99+21.01,231.6376099,-31.09591474,4.550,3,FALSE,TRUE,TRUE,,,,,-0.0031,-0.49,,
PSZ1_G338.05+23.91,229.7078523,-28.72236403,6.614,3,FALSE,TRUE,TRUE,,,,,-0.0156,-5.44,,
PSZ1_G338.21+23.46,230.1444767,-29.00215034,4.821,3,FALSE,TRUE,TRUE,,,,,0.0004,0.06,,
PSZ1_G338.27+22.60,230.7742132,-29.66316939,6.634,3,FALSE,TRUE,FALSE,,,,,0.0003,0.04,,
PSZ1_G338.62+21.71,231.6894435,-30.18832118,5.581,3,FALSE,TRUE,TRUE,,,,,0.0058,0.74,,
PSZ1_G338.97+35.62,223.1691971,-18.62212515,4.503,1,FALSE,FALSE,FALSE,,,,,0.0180,1.56,NP,Confirmed by RTT150 z=0.297
PSZ1_G339.68+16.45,236.466804,-33.68487847,5.878,3,FALSE,TRUE,TRUE,,,,,-0.0111,-1.74,,
PSZ1_G341.18-65.23,351.3460088,-44.97902351,4.779,2,FALSE,FALSE,FALSE,,,,,-0.0095,-1.37,,
PSZ1_G341.69+50.66,216.3353065,-4.998222181,5.481,2,FALSE,FALSE,FALSE,20-Feb-14,,,,-0.0013,-0.28,,Cluster (possible) 3.9' NW; radio galaxy
PSZ1_G343.90+22.66,235.3451609,-26.37768759,4.863,3,FALSE,TRUE,TRUE,,,,,-0.0043,-0.69,,
PSZ1_G345.38-39.32,313.0532748,-52.83978668,5.283,2,FALSE,FALSE,FALSE,,,,WGACAT,0.0375,0.64,NP,Chandra low-z cluster detection (ObsId 15133: 14.5 ks); z=0.045 (NED)
PSZ1_G345.44-28.03,294.3912889,-52.50090693,4.568,2,FALSE,FALSE,FALSE,,,,,-0.0016,-0.17,,
PSZ1_G345.72+23.95,235.7994424,-24.31025518,4.776,2,FALSE,TRUE,TRUE,,,,,0.0038,0.53,,
PSZ1_G345.81+42.38,223.556318,-10.03650927,4.804,2,FALSE,FALSE,FALSE,,,,,-0.0077,-2.18,No extended X-rays,
PSZ1_G346.57+42.71,223.7972583,-9.432968988,4.600,2,FALSE,FALSE,FALSE,,,,,-0.0042,-0.86,,
PSZ1_G349.51-06.86,267.0063543,-41.44005518,6.103,2,FALSE,FALSE,FALSE,,,,,0.0248,1.37,Proposed Sept 2014,
PSZ1_G352.04+42.25,227.1929938,-7.158365049,4.740,2,FALSE,FALSE,FALSE,,,,,0.0009,0.10,,
PSZ1_G352.42-48.31,325.6210231,-46.46622378,4.626,2,FALSE,FALSE,FALSE,,,,,-0.0005,-0.13,,
PSZ1_G355.14+55.96,219.1888858,4.163350147,4.524,2,FALSE,TRUE,FALSE,,,,,-0.0020,-0.45,,
PSZ1_G356.52+23.38,243.7032726,-17.69006712,5.164,3,FALSE,TRUE,TRUE,,,,,0.0027,0.51,,
PSZ1_G357.43+30.60,238.6789651,-12.28057308,5.469,2,FALSE,TRUE,TRUE,,,,,0.0114,1.57,Proposed Sept 2014,
PSZ1_G359.67-07.23,273.5498689,-32.78995808,5.654,2,FALSE,TRUE,TRUE,,,,RASS BCS/WGACAT,0.1359,3.88,NP,Chandra strong non-cluster src (HETG; ObsID 6265; 5432)